{
  "features": [
    {
      "name": "404",
      "templateType": "JS",
      "staticPage": {
        "plugin": {}
      }
    },
    {
      "name": "city",
      "streamId": "city",
      "templateType": "JS",
      "entityPageSet": {
        "plugin": {}
      }
    },
    {
      "name": "country",
      "streamId": "country",
      "templateType": "JS",
      "entityPageSet": {
        "plugin": {}
      }
    },
    {
      "name": "location",
      "streamId": "locations",
      "templateType": "JS",
      "entityPageSet": {
        "plugin": {}
      }
    },
    {
      "name": "locator",
      "templateType": "JS",
      "staticPage": {
        "plugin": {}
      }
    },
    {
      "name": "region",
      "streamId": "region",
      "templateType": "JS",
      "entityPageSet": {
        "plugin": {}
      }
    },
    {
      "name": "robots",
      "templateType": "JS",
      "staticPage": {
        "plugin": {}
      }
    }
  ],
  "streams": [
    {
      "$id": "city",
      "filter": {
        "entityTypes": [
          "ce_city"
        ]
      },
      "fields": [
        "id",
        "uid",
        "meta",
        "name",
        "slug",
        "dm_directoryParents.name",
        "dm_directoryParents.slug",
        "dm_directoryParents.meta.entityType",
        "dm_directoryChildren.mainPhone",
        "dm_directoryChildren.slug",
        "dm_directoryChildren.name",
        "dm_directoryChildren.id",
        "dm_directoryChildren.dm_baseEntityCount",
        "dm_directoryChildren.address",
        "dm_directoryChildren.hours",
        "dm_directoryChildren.yextDisplayCoordinate"
      ],
      "localization": {
        "locales": [
          "en"
        ],
        "primary": false
      }
    },
    {
      "$id": "country",
      "fields": [
        "id",
        "uid",
        "meta",
        "name",
        "address",
        "mainPhone",
        "slug",
        "dm_directoryParents.name",
        "dm_directoryParents.slug",
        "dm_directoryParents.meta.entityType",
        "dm_directoryChildren.name",
        "dm_directoryChildren.address",
        "dm_directoryChildren.slug",
        "dm_directoryChildren.dm_directoryChildren.name",
        "dm_directoryChildren.dm_baseEntityCount",
        "dm_directoryChildren.dm_directoryChildren.slug",
        "dm_directoryChildren.dm_directoryChildren.dm_directoryChildren.name",
        "dm_directoryChildren.dm_directoryChildren.dm_directoryChildren.slug"
      ],
      "filter": {
        "entityTypes": [
          "ce_country"
        ],
        "savedFilterIds": [
          "dm_stores-directory_address_countrycode"
        ]
      },
      "localization": {
        "locales": [
          "en"
        ],
        "primary": false
      }
    },
    {
      "$id": "locations",
      "fields": [
        "id",
        "uid",
        "meta",
        "name",
        "address",
        "mainPhone",
        "hours",
        "slug",
        "timezone",
        "yextDisplayCoordinate",
        "displayCoordinate",
        "cityCoordinate",
        "c_photogallary1",
        "photoGallery",
        "c_offerstype",
        "c_aboutheading",
        "c_aboutdata1",
        "c_aboutdata2",
        "c_aboutdata3",
        "c_faqs.question",
        "c_faqs.answer",
        "dm_directoryParents.name",
        "dm_directoryParents.slug",
        "dm_directoryParents.meta.entityType",
        "c_photogallary1CTA",
        "c_aboutCTA"
      ],
      "filter": {
        "entityTypes": [
          "location"
        ]
      },
      "localization": {
        "locales": [
          "en"
        ],
        "primary": false
      }
    },
    {
      "$id": "region",
      "fields": [
        "id",
        "uid",
        "meta",
        "name",
        "address",
        "slug",
        "dm_directoryParents.name",
        "dm_directoryParents.slug",
        "dm_directoryParents.meta.entityType",
        "dm_directoryChildren.name",
        "dm_directoryChildren.address",
        "dm_directoryChildren.slug",
        "dm_directoryChildren.dm_baseEntityCount",
        "dm_directoryChildren.dm_directoryChildren.name",
        "dm_directoryChildren.dm_directoryChildren.id",
        "dm_directoryChildren.dm_directoryChildren.slug",
        "dm_directoryChildren.dm_directoryChildren.address"
      ],
      "filter": {
        "entityTypes": [
          "ce_region"
        ],
        "savedFilterIds": [
          "dm_stores-directory_address_region"
        ]
      },
      "localization": {
        "locales": [
          "en"
        ],
        "primary": false
      }
    }
  ]
}